[
	{
		"compatibleversions": [
			"0.7.1",
			"0.7.2"
		],
		"enabled": true,
		"marksgamemodded": false,
		"name": "grasmanek94.EveryoneAllPermissions",
		"version": "0.0.2",
		"website": "https://github.com/grasmanek94/colony-survival-EveryoneAllPermissions",
		"about": "Gives all players all permissions",
		"patchnotes": [
			{
				"version": "0.0.1",
				"notes": [
					"Initial Release"
				]
			},
			{
				"version": "0.0.2",
				"notes": [
					"Fix NullReference exception in RCON network interface logic"
				]
			}
		],
		"dllpath": "grasmanek94.EveryoneAllPermissions.dll"
	}
]
